SampleNumber,Lead_ppb,Copper_ppb,Prop_Zip,SL_to_Meter,SampleLocation
LG01821,0,0,48504,Lead,KITCHEN
LG02912,0,120,48507,Copper,
LG04258,0,0,48503,Lead,KITCHEN
LG07068,0,0,48503,Lead,KITCHEN
LG10656,0,0,48507,Lead,BATHROOM
LG10780,0,50,48507,Lead,KITCHEN
LG16338,0,0,48503,Lead,KITCHEN
LG17447,0,0,48504,Lead,KITCHEN
LG17679,0,0,48503,Lead,KITCHEN
LG19531,0,50,48507,Lead,KITCHEN
LG19533,0,0,48507,Lead,KITCHEN
LG19695,0,70,48507,Lead,KITCHEN
LG19703,0,0,48503,Lead,KITCHEN
LG21926,0,0,48507,Lead,KITCHEN
LG22259,0,0,48505,Lead,KITCHEN
LG23081,0,0,48507,Lead,
LG23082,0,0,48532,Lead,KITCHEN
LG23172,0,0,48503,Lead Public Side,BATHROOM
LG23444,0,90,48503,Lead Public Side Galvanized Private Side,KITCHEN
LG23744,0,0,48504,Lead,
LG24151,0,0,48503,Lead,BATHROOM
LG24328,0,0,48505,Lead,KITCHEN
LG24342,0,80,48507,Lead,KITCHEN
LG24345,0,0,48507,Lead,KITCHEN
LG29679,0,0,48507,Lead,BATHROOM
LG29840,0,0,48505,Lead,BATHROOM 
LG29850,0,0,48532,Lead,KITCHEN
LG30393,0,0,48504,Lead,
LG30679,0,0,48503,Lead,KITCHEN
LG30703,0,0,48503,Lead,KITCHEN
LG31557,0,0,48507,Lead,
LG34833,0,0,48503,Lead,KITCHEN
LG34847,0,0,48504,Lead,
LG34934,0,0,48504,Lead,KITCHEN
LG35025,0,0,48503,Lead,KITCHEN
LG35562,0,0,48507,Lead,KITCHEN
LG35619,0,0,48507,Lead,BATHROOM
LG35757,0,0,48532,Lead,BATHROOM
LG39162,0,0,48503,Lead,KITCHEN
LG42904,0,570,48507,Copper,KITCHEN
LG43218,0,110,48506,Copper,KITCHEN
LG43220,0,80,48507,Copper,KITCHEN
LG43222,0,0,48507,Lead,KITCHEN
LG47337,0,0,48503,Lead,KITCHEN
LG47350,0,70,48507,Copper,KITCHEN
LG47366,0,80,48506,Copper,KITCHEN
LG47401,0,0,48503,Lead,KITCHEN 
LG47414,0,0,48507,Lead,
LG47433,0,100,48503,Copper,
LG47435,0,0,48503,Lead,KITCHEN
LG47697,0,0,48503,Lead,KITCHEN
LG47698,0,110,48507,Copper,BATHROOM
LG47714,0,0,48504,Lead,KITCHEN
LG47716,0,180,48507,Copper,KITCHEN
LG47723,0,0,48505,Lead,BATHROOM
LG48071,0,0,48507,Lead,
LG48229,0,0,48507,Lead,KITCHEN
LG54441,0,100,48507,Copper,BATHROOM
LG54453,0,0,48505,Lead,KITCHEN
LG54493,0,50,48507,Copper,KITCHEN
LG54497,0,0,48504,Lead,KITCHEN
LG54824,0,0,48503,Lead,KITCHEN
LG54829,0,80,48506,Copper,KITCHEN
LG54837,0,100,48507,Copper,KITCHEN
LG54841,0,100,48503,Copper,KITCHEN
LG54854,0,0,48506,Lead,
LG54860,0,0,48532,Lead,KITCHEN
LG54865,0,0,48507,Copper,KITCHEN
LG55249,0,0,48507,Lead,KITCHEN
LG55561,0,120,48503,Copper,BATHROOM
LG01002,1,60,48506,Copper,KITCHEN
LG13644,1,0,48504,Lead,KITCHEN
LG16880,1,150,48506,Copper,KITCHEN
LG17343,1,0,48507,Lead,KITCHEN
LG17346,1,80,48507,Lead,KITCHEN
LG17354,1,0,48504,Lead,KITCHEN
LG17377,1,60,48507,Lead,KITCHEN
LG18371,1,130,48507,Copper,KITCHEN
LG19536,1,150,48507,Lead,KITCHEN
LG20036,1,0,48503,Lead,KITCHEN
LG20479,1,0,48503,Lead,KITCHEN
LG20992,1,210,48507,Lead,KITCHEN
LG21925,1,140,48507,Lead,KITCHEN
LG23164,1,0,48503,Lead Public Side,KITCHEN
LG23557,1,130,48507,Lead,KITCHEN
LG24338,1,0,48507,Lead,KITCHEN
LG24341,1,0,48507,Lead,BATHROOM
LG24348,1,70,48507,Lead,KITCHEN
LG24369,1,110,48507,Lead,KITCHEN
LG24830,1,150,48507,Copper,KITCHEN BATHROOM 
LG27973,1,0,48503,Lead,KITCHEN
LG27974,1,0,48503,Lead,
LG28088,1,0,48503,Lead,KITCHEN
LG29642,1,0,48505,Lead,
LG29676,1,0,48507,Lead,KITCHEN
LG29695,1,100,48507,Lead,KITCHEN
LG30037,1,70,48507,Lead,KITCHEN
LG30039,1,110,48507,Lead,KITCHEN
LG30150,1,0,48506,Lead Public Side,KITCHEN
LG30371,1,0,48507,Lead,KITCHEN
LG30662,1,0,48503,Lead,KITCHEN
LG31290,1,0,48507,Lead,BATHROOM 
LG34182,1,0,48507,Lead,KITCHEN
LG34869,1,0,48504,Lead,BATHROOM
LG34878,1,0,48504,Lead,KITCHEN
LG34902,1,0,48503,Lead,BATHROOM
LG34988,1,0,48503,Lead,BATHROOM
LG35552,1,150,48507,Lead,KITCHEN
LG35553,1,0,48507,Lead,KITCHEN
LG35554,1,100,48507,Lead,KITCHEN
LG35563,1,50,48507,Lead,KITCHEN
LG35621,1,70,48507,Lead,KITCHEN
LG35683,1,0,48507,Lead,KITCHEN
LG35684,1,120,48507,Lead,BATHROOM
LG35687,1,110,48503,Lead,
LG35716,1,0,48504,Lead,KITCHEN
LG36155,1,0,48503,Lead,BATHROOM
LG36960,1,60,48507,Lead,
LG43214,1,80,48507,Copper,
LG47369,1,0,48503,Lead,KITCHEN
LG47374,1,0,48503,Lead,KITCHEN
LG47390,1,0,48504,Lead,KITCHEN
LG47408,1,110,48507,Copper,KITCHEN
LG47415,1,0,48507,Lead,KITCHEN
LG47426,1,0,48507,Lead,KITCHEN
LG47443,1,0,48507,Lead,KITCHEN
LG47707,1,80,48503,Lead,KITCHEN
LG47713,1,0,48504,Lead,KITCHEN
LG47726,1,120,48507,Copper,KITCHEN
LG48068,1,0,48504,Lead,KITCHEN
LG48075,1,0,48504,Lead,
LG53200,1,0,48506,Lead,BATHROOM
LG54456,1,0,48504,Lead,
LG54457,1,100,48507,Copper,KITCHEN
LG54460,1,0,48507,Lead,BATHROOM
LG54465,1,170,48507,Copper,BATHROOM
LG54820,1,0,48503,Lead,KITCHEN
LG54839,1,0,48503,Lead,
LG54863,1,90,48503,Lead,BATHROOM
LG55240,1,0,48507,Lead,KITCHEN
LG55254,1,0,48507,Lead,KITCHEN
LG55516,1,0,48503,Lead,KITCHEN
LG55560,1,130,48507,Lead,KITCHEN
LG00905,2,0,48507,Lead,KITCHEN
LG02115,2,120,48507,Lead,KITCHEN
LG03669,2,160,48507,Copper,KITCHEN
LG04271,2,0,48506,Lead,KITCHEN
LG05911,2,0,48504,Lead,KITCHEN
LG06734,2,0,48503,Lead,KITCHEN
LG09923,2,100,48503,Lead Public Side,KITCHEN
LG10106,2,50,48506,Lead,BATHROOM
LG12985,2,70,48507,Lead,KITCHEN
LG13739,2,60,48503,Lead,
LG13766,2,90,48507,Lead,BATHROOM
LG13942,2,0,48507,Lead,KITCHEN
LG14245,2,0,48504,Lead,BATHROOM
LG17353,2,130,48507,Lead,KITCHEN
LG18063,2,150,48507,Lead,KITCHEN
LG19538,2,0,48507,Lead,KITCHEN
LG19774,2,0,48503,Lead,KITCHEN
LG19987,2,0,48503,Lead Public Side,KITCHEN
LG20631,2,190,48507,Copper,KITCHEN
LG20991,2,0,48507,Lead,KITCHEN
LG20994,2,140,48507,Lead,KITCHEN
LG21365,2,0,48503,Lead Public Side,KITCHEN
LG21903,2,0,48503,Lead,KITCHEN
LG23553,2,130,48507,Lead,KITCHEN
LG23740,2,0,48504,Lead,KITCHEN
LG24322,2,0,48504,Lead,KITCHEN
LG24344,2,180,48507,Lead,KITCHEN
LG24358,2,0,48503,Lead Public Side Galvanized Private Side,KITCHEN
LG24761,2,0,48503,Lead,KITCHEN
LG25113,2,0,48503,Lead,
LG26282,2,110,48507,Lead,KITCHEN 
LG29609,2,0,48504,Lead,KITCHEN
LG29697,2,0,48507,Lead,BATHROOM
LG29752,2,0,48504,Lead,KITCHEN
LG29846,2,70,48507,Copper,BATHROOM
LG29866,2,0,48507,Lead,BATHROOM
LG30059,2,200,48507,Lead,KITCHEN
LG30439,2,0,48507,Lead,KITCHEN
LG30454,2,0,48507,Lead,BATHROOM
LG30701,2,0,48504,Lead,BATHROOM
LG30708,2,0,48503,Lead,KITCHEN
LG31267,2,80,48503,Lead,KITCHEN
LG31286,2,0,48503,Lead,KITCHEN
LG31291,2,90,48507,Lead,KITCHEN
LG31295,2,0,48505,Lead Public Side,KITCHEN
LG34180,2,50,48507,Lead,KITCHEN
LG34792,2,0,48504,Lead,BATHROOM
LG34849,2,0,48503,Lead,BATHROOM
LG34882,2,200,48507,Copper,BATHROOM
LG34957,2,0,48504,Lead,KITCHEN
LG34962,2,170,48504,Lead,KITCHEN
LG34985,2,70,48503,Lead,KITCHEN
LG35023,2,210,48503,Lead,KITCHEN
LG35561,2,310,48507,Lead,KITCHEN
LG35623,2,0,48507,Lead,KITCHEN 
LG35720,2,70,48504,Lead,KITCHEN
LG35806,2,0,48503,Lead,
LG35830,2,0,48507,Lead,KITCHEN
LG36168,2,0,48504,Lead,KITCHEN
LG36387,2,0,48503,Lead,KITCHEN
LG36394,2,60,48503,Lead,KITCHEN
LG36959,2,0,48504,Lead,KITCHEN
LG43213,2,160,48507,Copper,KITCHEN
LG43219,2,0,48503,Lead,
LG47336,2,80,48503,Copper,BATHROOM 
LG47344,2,70,48503,Lead,KITCHEN
LG47352,2,140,48507,Lead,KITCHEN
LG47359,2,80,48507,Copper,KITCHEN
LG47389,2,60,48507,Copper,
LG47392,2,0,48504,Lead,KITCHEN
LG47396,2,70,48504,Lead,KITCHEN
LG47397,2,0,48504,Lead,KITCHEN
LG47403,2,90,48503,Copper,KITCHEN
LG47404,2,0,48507,Lead,KITCHEN
LG47410,2,0,48503,Lead,BATHROOM
LG47411,2,110,48507,Lead,
LG47422,2,150,48507,Lead,KITCHEN
LG47423,2,0,48503,Lead,KITCHEN
LG47429,2,100,48507,Lead,KITCHEN
LG47702,2,50,48507,Lead,KITCHEN
LG47709,2,320,48507,Copper,BATHROOM
LG48070,2,0,48504,Lead,KITCHEN
LG48227,2,0,48507,Lead,KITCHEN
LG54274,2,0,48503,Lead,
LG54439,2,0,48507,Lead,KITCHEN
LG54445,2,0,48507,Lead,KITCHEN
LG54452,2,100,48507,Lead,
LG54455,2,0,48504,Lead,
LG54459,2,80,48507,Copper,BATHROOM
LG54468,2,0,48503,Lead,KITCHEN
LG54473,2,170,48503,Lead,KITCHEN
LG54485,2,0,48507,Lead,KITCHEN
LG54491,2,0,48503,Lead,BATHROOM
LG54492,2,310,48507,Copper,KITCHEN
LG54504,2,0,48504,Lead,KITCHEN
LG54508,2,0,48504,Lead,
LG54511,2,70,48507,Copper,BATHROOM
LG54847,2,0,48505,Lead,
LG55234,2,0,48504,Lead,
LG55245,2,0,48504,Lead,KITCHEN
LG55250,2,0,48507,Lead,KITCHEN
LG55251,2,0,48503,Lead,KITCHEN
LG55559,2,0,48503,Lead,KITCHEN
LG55565,2,0,48507,Lead,KITCHEN
LG56688,2,0,48504,Lead,
LG03475,3,50,48507,Lead,KITCHEN
LG05009,3,0,48504,Lead,KITCHEN
LG06263,3,0,48504,Lead,KITCHEN
LG06633,3,110,48503,Lead,KITCHEN
LG08570,3,70,48507,Lead,KITCHEN
LG13417,3,0,48504,Lead,KITCHEN
LG13719,3,0,48503,Lead Public Side,KITCHEN
LG14017,3,60,48507,Lead,KITCHEN
LG17407,3,60,48507,Lead,KITCHEN
LG17682,3,380,48503,Lead,KITCHEN
LG19329,3,70,48503,Lead,
LG19577,3,0,48504,Lead,BATHROOM
LG19972,3,0,48503,Lead,KITCHEN
LG20508,3,50,48503,Lead,KITCHEN
LG20569,3,50,48507,Lead,KITCHEN
LG21924,3,0,48507,Lead,KITCHEN
LG21930,3,0,48507,Lead,KITCHEN
LG23743,3,0,48504,Lead,KITCHEN
LG23793,3,0,48503,Lead,
LG23953,3,280,48503,Lead,KITCHEN
LG24194,3,0,48507,Lead,
LG24238,3,0,48507,Lead,KITCHEN
LG24783,3,0,48507,Lead,KITCHEN
LG24787,3,60,48507,Lead,KITCHEN
LG24800,3,0,48504,Lead,KITCHEN
LG25428,3,550,48503,Copper,KITCHEN
LG26278,3,230,48507,Lead,KITCHEN
LG28085,3,0,48503,Lead,
LG28089,3,0,48503,Lead,KITCHEN 
LG29595,3,130,48504,Lead,KITCHEN
LG29622,3,60,48507,Lead,KITCHEN
LG30045,3,0,48507,Lead,KITCHEN
LG30132,3,50,48503,Lead,KITCHEN
LG30139,3,0,48507,Lead,KITCHEN
LG30666,3,0,48504,Lead,KITCHEN
LG34868,3,0,48504,Lead,KITCHEN
LG34903,3,70,48503,Lead,
LG35043,3,0,48504,Lead,BATHROOM
LG35056,3,0,48503,Lead,KITCHEN
LG35673,3,0,48504,Lead,KITCHEN
LG35674,3,60,48507,Lead,KITCHEN
LG35685,3,0,48507,Lead,KITCHEN 
LG35771,3,150,48507,Lead,BATHROOM
LG36393,3,0,48503,Lead,KITCHEN
LG42906,3,110,48507,Copper,KITCHEN
LG43215,3,90,48503,Copper,BATHROOM
LG47347,3,0,48507,Lead,KITCHEN 
LG47349,3,0,48504,Lead,KITCHEN
LG47351,3,0,48504,Lead,KITCHEN
LG47379,3,0,48503,Lead,KITCHEN
LG47405,3,260,48503,Lead,KITCHEN
LG47710,3,0,48507,Lead,KITCHEN
LG48232,3,0,48504,Lead,KITCHEN
LG50586,3,90,48504,Lead,KITCHEN
LG54444,3,120,48507,Copper,KITCHEN
LG54477,3,0,48507,Lead,KITCHEN
LG54486,3,0,48507,Lead,KITCHEN
LG54495,3,0,48504,Lead,KITCHEN
LG54498,3,0,48504,Lead,KITCHEN
LG54502,3,0,48504,Lead,BATHROOM
LG54509,3,0,48504,Lead,BATHROOM
LG54516,3,0,48504,Lead,
LG54818,3,0,48503,Lead,KITCHEN
LG54842,3,0,48503,Lead,KITCHEN
LG55241,3,0,48504,Lead,
LG55248,3,80,48507,Lead,KITCHEN
LG55258,3,0,48507,Lead,KITCHEN
LG55568,3,100,48507,Lead,KITCHEN
LG02533,4,0,48504,Lead,KITCHEN
LG02667,4,0,48504,Lead,BATHROOM
LG02901,4,0,48507,Lead,KITCHEN
LG05073,4,0,48503,Lead Public Side Galvanized Private Side,
LG17437,4,150,48503,Lead,KITCHEN
LG17557,4,80,48503,Lead,KITCHEN
LG17678,4,0,48503,Lead,KITCHEN
LG19380,4,130,48503,Lead,KITCHEN
LG19418,4,0,48504,Lead,KITCHEN
LG19429,4,0,48504,Lead,KITCHEN
LG19529,4,0,48507,Lead,
LG19684,4,0,48507,Lead,
LG19975,4,70,48507,Lead,KITCHEN
LG20515,4,180,48507,Copper,KITCHEN BATHROOM 
LG20570,4,90,48507,Lead,KITCHEN
LG20593,4,60,48504,Lead,KITCHEN
LG22635,4,0,48504,Lead,BATHROOM
LG23938,4,0,48504,Lead,KITCHEN
LG23945,4,0,48503,Lead,KITCHEN
LG24143,4,0,48503,Lead,KITCHEN
LG24284,4,0,48503,Lead Public Side,KITCHEN
LG29615,4,0,48504,Lead,KITCHEN
LG29650,4,0,48504,Lead,KITCHEN
LG29706,4,0,48507,Lead,KITCHEN
LG30035,4,0,48507,Lead,KITCHEN
LG30103,4,0,48503,Lead,
LG30403,4,60,48504,Lead,BATHROOM
LG31551,4,0,48503,Lead,
LG34952,4,50,48504,Lead,KITCHEN
LG35054,4,180,48503,Lead,KITCHEN
LG35067,4,0,48504,Lead,KITCHEN
LG35117,4,0,48503,Lead,BATHROOM
LG35811,4,110,48507,Lead,KITCHEN
LG36153,4,0,48504,Lead,BATHROOM
LG36281,4,310,48507,Copper,BATHROOM
LG36392,4,0,48504,Lead,BATHROOM
LG43212,4,100,48506,Copper,KITCHEN
LG43221,4,200,48507,Copper,BATHROOM
LG47356,4,0,48504,Lead,
LG47387,4,0,48504,Lead,KITCHEN
LG47394,4,0,48504,Lead,BATHROOM
LG47399,4,0,48507,Lead,KITCHEN
LG47424,4,0,48507,Lead,KITCHEN 
LG47430,4,0,48503,Lead,
LG47724,4,130,48503,Lead,KITCHEN
LG47725,4,0,48507,Lead,KITCHEN
LG54447,4,0,48507,Lead,
LG54448,4,0,48507,Lead,KITCHEN
LG54461,4,0,48507,Lead,KITCHEN
LG54494,4,60,48507,Copper,KITCHEN
LG54851,4,0,48504,Lead,KITCHEN
LG55242,4,0,48504,Lead,
LG56690,4,220,48507,Copper,BATHROOM
LG06361,5,80,48504,Lead Public Side,KITCHEN
LG16561,5,160,48503,Lead,BATHROOM
LG17009,5,0,48503,Lead,KITCHEN
LG18096,5,0,48504,Lead,KITCHEN
LG18097,5,0,48504,Lead,KITCHEN
LG20796,5,0,48503,Lead Public Side Galvanized Private Side,KITCHEN
LG23807,5,240,48503,Lead,
LG23933,5,0,48504,Lead,
LG26295,5,60,48504,Lead,KITCHEN
LG27972,5,70,48504,Lead,BATHROOM
LG29612,5,60,48504,Lead,KITCHEN
LG29698,5,0,48507,Lead,KITCHEN
LG29757,5,0,48504,Lead,
LG30430,5,0,48504,Lead,KITCHEN
LG30434,5,0,48507,Lead,
LG30673,5,0,48504,Lead,BATHROOM
LG30686,5,0,48504,Lead,KITCHEN
LG30702,5,0,48503,Lead,BATHROOM
LG31548,5,0,48504,Lead,KITCHEN
LG34184,5,0,48504,Lead,KITCHEN
LG34867,5,0,48504,Lead,KITCHEN
LG34874,5,0,48504,Lead,KITCHEN
LG35556,5,0,48507,Lead,KITCHEN
LG35715,5,90,48504,Lead,KITCHEN
LG35726,5,120,48504,Lead,BATHROOM
LG47388,5,50,48504,Lead,KITCHEN
LG47391,5,60,48504,Lead,KITCHEN
LG47419,5,0,48507,Lead,KITCHEN
LG48228,5,0,48504,Lead,KITCHEN
LG54458,5,0,48504,Lead,BATHROOM
LG54500,5,70,48504,Lead,KITCHEN
LG00524,6,0,48506,Lead Public Side Galvanized Private Side,KITCHEN
LG01373,6,80,48507,Lead,KITCHEN
LG05196,6,120,48503,Lead,KITCHEN
LG17316,6,90,48504,Lead,KITCHEN
LG17406,6,0,48507,Lead,KITCHEN
LG18100,6,100,48504,Lead,KITCHEN
LG22258,6,110,48507,Lead,KITCHEN
LG23560,6,50,48507,Lead,KITCHEN
LG23745,6,0,48504,Lead,KITCHEN
LG23934,6,80,48504,Lead,KITCHEN
LG24199,6,0,48507,Lead,KITCHEN
LG29614,6,50,48504,Lead,
LG29742,6,0,48504,Lead Public Side,KITCHEN
LG30440,6,170,48503,Lead,KITCHEN
LG35549,6,0,48507,Lead,KITCHEN
LG35712,6,0,48507,Lead,KITCHEN
LG47340,6,60,48503,Lead,KITCHEN
LG47342,6,0,48507,Lead,KITCHEN
LG47345,6,0,48507,Lead,KITCHEN
LG47370,6,0,48503,Copper,
LG47375,6,70,48503,Lead,KITCHEN 
LG47437,6,0,48507,Lead,
LG53201,6,90,48506,Lead,KITCHEN
LG54442,6,140,48507,Lead,KITCHEN
LG54472,6,80,48503,Lead,KITCHEN
LG54499,6,0,48504,Lead,
LG54507,6,0,48504,Lead,
LG54514,6,0,48504,Lead,KITCHEN
LG55257,6,230,48503,Copper,
LG02779,7,0,48503,Lead,KITCHEN
LG07855,7,100,48507,Lead,KITCHEN
LG07950,7,0,48504,Lead,KITCHEN
LG13631,7,0,48503,Lead,KITCHEN
LG13638,7,140,48503,Lead,KITCHEN
LG13659,7,0,48507,Lead,KITCHEN
LG16024,7,0,48503,Lead Public Side Galvanized Private Side,KITCHEN
LG17393,7,0,48507,Lead,KITCHEN
LG18095,7,0,48507,Lead,KITCHEN
LG19436,7,90,48504,Lead,KITCHEN
LG19834,7,0,48504,Lead,KITCHEN
LG21929,7,0,48507,Lead,KITCHEN
LG23845,7,0,48504,Lead,KITCHEN
LG24816,7,0,48504,Lead,BATHROOM
LG29503,7,130,48507,Lead,KITCHEN
LG29635,7,290,48503,Lead Public Side Galvanized Private Side,KITCHEN
LG29685,7,0,48507,Lead,KITCHEN
LG29812,7,0,48503,Lead Public Side,KITCHEN
LG30407,7,50,48504,Lead,BATHROOM
LG30432,7,0,48507,Lead,
LG33636,7,80,48507,Copper,KITCHEN
LG35627,7,70,48503,Lead,KITCHEN
LG47343,7,0,48507,Lead,KITCHEN
LG47413,7,120,48503,Lead,KITCHEN
LG47431,7,70,48507,Lead,KITCHEN
LG47717,7,0,48504,Lead,KITCHEN
LG48069,7,0,48504,Lead,
LG54489,7,0,48503,Lead,KITCHEN
LG54503,7,150,48504,Lead,
LG55252,7,0,48503,Lead,KITCHEN
LG55564,7,0,48507,Lead,BATHROOM
LG04118,8,120,48507,Copper,KITCHEN
LG05523,8,370,48503,Copper,BATHROOM
LG06814,8,150,48507,Copper,BATHROOM
LG17322,8,0,48503,Lead,KITCHEN
LG17347,8,0,48503,Lead,KITCHEN
LG19593,8,0,48504,Lead,KITCHEN
LG23555,8,0,48507,Lead,KITCHEN
LG25100,8,140,48503,Lead,KITCHEN
LG29592,8,0,48504,Lead,BATHROOM
LG30445,8,140,48507,Lead,KITCHEN
LG30451,8,110,48503,Lead,KITCHEN
LG34951,8,60,48504,Lead,BATHROOM
LG35540,8,140,48507,Lead,KITCHEN
LG47721,8,310,48503,Copper,
LG54505,8,0,48504,Lead,
LG55236,8,100,48503,Lead,BATHROOM
LG55239,8,0,48507,Lead,KITCHEN
LG55562,8,0,48503,Lead,KITCHEN
LG14725,9,0,48504,Lead,BATHROOM
LG15982,9,0,48503,Lead,BATHROOM
LG18068,9,0,48504,Lead,KITCHEN 
LG19333,9,0,48503,Lead Public Side Galvanized and Lead Private Side,KITCHEN
LG19691,9,0,48507,Lead,KITCHEN
LG19692,9,0,48507,Lead,KITCHEN
LG24138,9,50,48504,Lead,KITCHEN
LG24162,9,110,48503,Lead,
LG24188,9,130,48507,Lead,KITCHEN
LG28211,9,0,48504,Lead,BATHROOM
LG35589,9,0,48507,Lead,KITCHEN
LG35756,9,0,48504,Lead,KITCHEN
LG38236,9,290,48503,Copper,KITCHEN
LG54481,9,0,48507,Lead,KITCHEN
LG55237,9,0,48504,Lead,
LG00880,10,0,48507,Lead,KITCHEN
LG17415,10,110,48503,Lead,KITCHEN
LG20987,10,0,48505,Lead Public Side Galvanized Private Side,
LG23080,10,0,48504,Lead,KITCHEN
LG23742,10,0,48504,Lead,KITCHEN
LG24335,10,60,48504,Lead,KITCHEN
LG30677,10,110,48503,Lead,
LG35063,10,80,48504,Lead,KITCHEN
LG43216,10,130,48507,Copper,KITCHEN
LG47393,10,0,48504,Lead,KITCHEN
LG54862,10,330,48503,Galvanized,KITCHEN
LG06951,11,100,48503,Lead,KITCHEN
LG13211,11,0,48507,Lead,KITCHEN
LG19688,11,60,48507,Lead,BATHROOM
LG19971,11,60,48506,Lead Public Side Galvanized Private Side,KITCHEN
LG23075,11,150,48504,Lead,BATHROOM
LG23882,11,120,48503,Lead,KITCHEN
LG29684,11,0,48507,Lead,KITCHEN
LG29703,11,0,48503,Lead Public Side Galvanized Private Side,KITCHEN
LG36391,11,170,48507,Lead,KITCHEN
LG54834,11,100,48506,Lead,KITCHEN
LG54846,11,0,48503,Lead,KITCHEN
LG18399,12,0,48507,Lead,KITCHEN
LG19706,12,0,48503,Lead,KITCHEN
LG23554,12,0,48507,Lead,KITCHEN
LG24329,12,190,48504,Lead Public Side,KITCHEN
LG24374,12,0,48507,Lead,KITCHEN
LG24386,12,0,48507,Lead,KITCHEN
LG29607,12,0,48504,Lead,KITCHEN
LG34954,12,0,48504,Lead,
LG47331,12,140,48507,Copper,KITCHEN
LG47444,12,280,48503,Copper,KITCHEN
LG52274,12,1320,48507,Copper,KITCHEN
LG54272,12,0,48504,Lead,BATHROOM 
LG03465,13,0,48507,Lead,KITCHEN
LG06882,13,380,48503,Copper,KITCHEN
LG23967,13,0,48503,Lead Public Side Galvanized and Lead Private Side,KITCHEN
LG24384,13,0,48503,Lead Public Side Galvanized Private Side,KITCHEN
LG25320,13,0,48504,Lead,KITCHEN
LG29825,13,0,48503,Lead Public Side Galvanized and Lead Private Side,KITCHEN
LG54496,13,0,48504,Lead,
LG09151,14,130,48503,Lead,KITCHEN
LG13734,14,0,48507,Lead,KITCHEN
LG19714,14,410,48503,Lead,KITCHEN
LG22261,14,220,48507,Lead,KITCHEN
LG23739,14,80,48504,Lead,
LG35123,14,110,48503,Lead,KITCHEN
LG47338,14,130,48503,Lead,KITCHEN
LG47416,14,190,48507,Lead,KITCHEN
LG35769,15,60,48507,Lead,KITCHEN
LG54478,15,80,48503,Lead,KITCHEN
LG54816,15,110,48503,Lead,
LG08305,16,90,48506,Lead Public Side,KITCHEN
LG17422,16,0,48503,Lead Public Side Galvanized Private Side,KITCHEN
LG30043,16,0,48507,Lead,KITCHEN
LG30152,16,260,48503,Lead Public Side,KITCHEN
LG31105,16,0,48504,Lead,KITCHEN
LG35084,16,0,48504,Lead,
LG47720,16,0,48503,Lead,
LG07518,17,60,48506,Lead Public Side,KITCHEN
LG17657,17,70,48503,Lead Public Side Galvanized Private Side,KITCHEN
LG19777,17,0,48503,Lead Public Side Galvanized Private Side,KITCHEN
LG23852,17,0,48505,Lead Public Side Galvanized Private Side,BATHROOM
LG27975,17,180,48503,Lead,KITCHEN
LG29598,17,140,48504,Lead,BATHROOM
LG35126,17,370,48503,Lead Public Side Galvanized Private Side,
LG45436,17,180,48503,Lead,KITCHEN
LG54474,17,250,48503,Lead,KITCHEN
LG30461,18,0,48503,Lead Public Side,KITCHEN
LG45404,18,360,48503,Copper,KITCHEN
LG47436,18,0,48507,Lead,KITCHEN
LG02342,19,100,48503,Copper,KITCHEN
LG02718,19,70,48503,Lead Public Side,BATHROOM
LG17569,19,120,48503,Lead,KITCHEN
LG29625,19,160,48503,Lead,KITCHEN
LG24351,20,0,48507,Lead,KITCHEN
LG29649,20,110,48503,Lead,
LG36177,20,80,48503,Lead,
LG34185,21,0,48507,Lead,KITCHEN
LG35624,21,0,48507,Lead,KITCHEN
LG54450,21,0,48507,Lead,KITCHEN
LG54462,21,0,48507,Lead,
LG20025,22,240,48504,Lead,BATHROOM
LG20896,22,60,48503,Lead,KITCHEN
LG29745,22,150,48504,Lead,KITCHEN
LG54464,22,110,48507,Lead,KITCHEN
LG54479,22,110,48503,Lead,BATHROOM
LG54476,23,0,48503,Lead,KITCHEN
LG36399,24,90,48504,Lead Public Side,
LG54840,24,140,48503,Copper,BATHROOM
LG09929,25,70,48504,Lead Public Side,KITCHEN
LG17324,25,70,48504,Lead,KITCHEN
LG17410,25,0,48503,Lead,KITCHEN
LG10569,26,0,48507,Lead,KITCHEN
LG04785,27,0,48503,Lead,BATHROOM
LG24394,27,170,48503,Lead,BATHROOM
LG46244,27,160,48503,Lead,KITCHEN
LG52237,27,0,48503,Lead,KITCHEN
LG14861,28,200,48507,Copper,KITCHEN
LG19599,29,150,48504,Lead Public Side,KITCHEN
LG47438,29,160,48507,Copper,KITCHEN
LG23556,30,180,48504,Lead,BATHROOM
LG30453,30,0,48503,Lead,KITCHEN
LG35809,30,0,48507,Lead,
LG01234,32,160,48503,Lead Public Side,BATHROOM
LG20990,32,70,48503,Lead,KITCHEN
LG24270,34,80,48506,Lead Public Side Galvanized Private Side,KITCHEN
LG17355,37,170,48504,Lead Public Side,KITCHEN
LG24380,37,0,48503,Lead Public Side Galvanized Private Side,KITCHEN
LG35718,38,0,48507,Lead,KITCHEN
LG47427,38,110,48503,Lead,
LG28086,39,0,48507,Lead,KITCHEN
LG23558,40,0,48504,Lead,KITCHEN
LG13604,41,70,48503,Lead Public Side Galvanized and Lead Private Side,KITCHEN
LG43217,42,400,48507,Copper,KITCHEN
LG20792,44,200,48503,Lead,KITCHEN
LG13733,50,490,48503,Lead Public Side Galvanized Private Side,KITCHEN
LG20206,55,0,48503,Lead Public Side Galvanized Private Side,KITCHEN
LG21428,63,0,48503,Lead,KITCHEN
LG00927,64,0,48504,Lead,BATHROOM
LG25390,68,190,48503,Lead Public Side,BATHROOM
LG13735,81,130,48506,Lead Public Side Galvanized Private Side,KITCHEN
LG13725,82,0,48503,Lead Public Side Galvanized Private Side,KITCHEN
LG36961,92,0,48504,Lead,BATHROOM
LG13718,96,370,48503,Lead,KITCHEN
LG55247,100,50,48507,Lead,KITCHEN
LG23741,121,220,48504,Lead,
LG42184,122,990,48507,Lead,
LG02670,152,280,48504,Lead Public Side,BATHROOM
LG34940,154,0,48504,Lead,BATHROOM
LG47432,177,1670,48507,Lead,KITCHEN
LG38282,235,1480,48507,Lead,KITCHEN
LG05545,254,2390,48503,Lead,BATHROOM
LG23794,265,1830,48503,Lead,KITCHEN
LG54449,283,2560,48507,Lead,KITCHEN
LG29797,421,4970,48503,Lead,KITCHEN
LG24751,489,410,48504,Lead,KITCHEN
LG34958,1111,280,48504,Lead,KITCHEN
LG29597,1644,230,48504,Lead,BATHROOM
LG29472,3343,240,48504,Lead,BATHROOM